date,vix,baa_aaa_spread,ted_spread,bank_equity_vol,energy_sector_returns,term_spread
1990-01-01,0.4905839781039642,-0.26971208111495076,1.007584496759679,-0.02875716318185648,0.006848119706921068,1.0170147345623382
1990-02-01,0.47938427898731784,-0.26971208111495076,1.007584496759679,-0.02875716318185648,0.006848119706921068,1.0170147345623382
1990-03-01,0.055913462331200973,-0.7329688695421123,1.007584496759679,-0.02875716318185648,0.006848119706921068,1.0170147345623382
1990-04-01,0.23338437569645534,0.008241991941325766,1.007584496759679,-0.02875716318185648,0.006848119706921068,1.0170147345623382
1990-05-01,-0.20403478302231817,0.9347555687956766,1.007584496759679,-0.02875716318185648,0.006848119706921068,1.0170147345623382
1990-06-01,-0.3727883424907601,0.19354470731222104,1.007584496759679,-0.02875716318185648,0.006848119706921068,1.0170147345623382
1990-07-01,-0.16498326007884814,0.008241991941326795,1.007584496759679,-0.02875716318185648,0.006848119706921068,1.0170147345623382
1990-08-01,1.1294166104439898,0.3788474226830844,1.007584496759679,-0.02875716318185648,0.006848119706921068,1.0170147345623382
1990-09-01,1.2527586405440807,0.7494528534248122,1.007584496759679,-0.02875716318185648,0.006848119706921068,1.0170147345623382
1990-10-01,1.3213378387701016,1.212709641851987,1.007584496759679,-0.02875716318185648,0.006848119706921068,1.0170147345623382
1990-11-01,0.6941502446774946,1.0274069264810908,1.007584496759679,-0.02875716318185648,0.006848119706921068,1.0170147345623382
1990-12-01,0.49266500755542914,0.5641501380539488,1.007584496759679,-0.02875716318185648,0.006848119706921068,1.0170147345623382
1991-01-01,1.0306893097269636,0.2861960649976517,1.007584496759679,-0.02875716318185648,0.006848119706921068,1.0170147345623382
1991-02-01,0.2591762887808809,-1.5668310887110273,0.36281145055428154,-0.02875716318185648,0.006848119706921068,1.0672014594906654
1991-03-01,-0.25081204527406503,-0.7329688695421297,0.16952687970614314,-0.02875716318185648,0.006848119706921068,1.272608241535502
1991-04-01,-0.29996663201326307,-0.7329688695421256,-0.538671590315594,-0.02875716318185648,0.006848119706921068,1.2523490350905149
1991-05-01,-0.3582474857262567,-0.7329688695421277,-0.3547897893378672,-0.02875716318185648,0.006848119706921068,1.430595021478255
1991-06-01,-0.331422655224714,-0.45501479648581517,0.01719297884116238,-0.02875716318185648,0.006848119706921068,1.470118128219292
1991-07-01,-0.310371779270588,-0.5476661541712653,-0.09386943830771931,-0.02875716318185648,0.006848119706921068,1.2668699401628587
1991-08-01,-0.5237675160855545,0.1008933496267739,-0.52114876735673,-0.02875716318185648,0.006848119706921068,0.9262344490494251
1991-09-01,-0.355041738045243,0.008241991941342224,-1.1045391130490534,-0.02875716318185648,0.006848119706921068,0.7712044051563296
1991-10-01,-0.43345272070323887,0.37884742268307,-1.3143207478600223,-0.02875716318185648,0.006848119706921068,0.9232391021499029
1991-11-01,-0.24693646821682627,0.2861960649976352,-1.4761315116795184,-0.02875716318185648,0.006848119706921068,1.2979622097408094
1991-12-01,-0.17096915541818444,-0.17706072342952114,-1.6268408887653574,-0.02875716318185648,0.006848119706921068,1.6022936727242427
1992-01-01,-0.25888735122278306,-0.1770607234295026,-1.8536388525000231,-0.02875716318185648,0.006848119706921068,1.3515821702134636
1992-02-01,-0.2861205370623838,0.10089334962677185,-1.1101792411409104,-0.02875716318185648,0.006848119706921068,1.3916929202203245
1992-03-01,-0.2804193900558604,-0.36236343880039995,-0.7840596016435959,-0.02875716318185648,0.006848119706921068,1.0222581630452867
1992-04-01,-0.4071284789111635,-0.17706072342952114,-0.4156100737175432,-0.02875716318185648,0.006848119706921068,1.2727361300350861
1992-05-01,-0.6037367865672848,-0.2697120811149528,-0.6743968516278922,-0.02875716318185648,0.006848119706921068,1.063535566378445
1992-06-01,-0.58704043466767,-0.17706072342953758,-0.7455445851186009,-0.02875716318185648,0.006848119706921068,1.0676808218758345
1992-07-01,-0.7989325374859132,-0.5476661541712643,-0.6459719405541728,-0.02875716318185648,0.006848119706921068,1.3868071112945648
1992-08-01,-0.6904188520233389,-0.6403175118566877,-0.29468155216448927,-0.02875716318185648,0.006848119706921068,1.1195757508592468
1992-09-01,-0.7863822057265961,0.008241991941333996,-0.05774947212934824,-0.02875716318185648,0.006848119706921068,1.281946882189916
1992-10-01,-0.26502217792941407,1.3980123572228502,0.23485676297868174,-0.02875716318185648,0.006848119706921068,1.074814776004809
1992-11-01,-0.6900754506591352,0.10089334962679036,0.3523181902757485,-0.02875716318185648,0.006848119706921068,0.489201045065961
1992-12-01,-0.9855635891592055,-0.26971208111496925,-0.2561719265364954,-0.02875716318185648,0.006848119706921068,-0.026833440521354404
1993-01-01,-0.9567659908539614,-0.640317511856696,-0.08258975613038869,-0.02875716318185648,0.006848119706921068,0.10444688448650784
1993-02-01,-0.7830858179330782,-0.7329688695421195,-0.05691875693543286,-0.02875716318185648,0.006848119706921068,-0.02525312496585305
1993-03-01,-0.7983676941062744,-1.010922942598431,-0.16665207494421921,-0.02875716318185648,0.006848119706921068,0.14640349904760872
1993-04-01,-0.8996101417769922,1.0274069264811154,-0.15411253183007842,-0.02875716318185648,0.006848119706921068,-0.07537546666784438
1993-05-01,-0.798379200175119,0.9347555687956838,-0.12118994440406208,-0.02875716318185648,0.006848119706921068,-0.20859080027811014
1993-06-01,-0.9415371857351482,-0.36236343880040095,-0.18719013329806525,-0.02875716318185648,0.006848119706921068,-0.6023316886498487
1993-07-01,-1.0769816720952248,0.1935447073122056,-0.12396940806438003,-0.02875716318185648,0.006848119706921068,-1.0406000163550453
1993-08-01,-1.0203276071634475,-0.08440936574408946,-0.21671291839548723,-0.02875716318185648,0.006848119706921068,-0.9901674645625288
1993-09-01,-0.887638351098319,-0.640317511856696,-0.2835855596727605,-0.02875716318185648,0.006848119706921068,-1.3647139572575566
1993-10-01,-1.0273932549156692,-0.36236343880039273,-0.5110237406290963,-0.02875716318185648,0.006848119706921068,-1.4142874319550411
1993-11-01,-0.7351555435068011,0.842104211110252,-0.7067135769838753,-0.02875716318185648,0.006848119706921068,-1.0013301990794323
1993-12-01,-1.0960506152384317,0.2861960649976455,-0.25142498264377794,-0.02875716318185648,0.006848119706921068,-0.7564651324964361
1994-01-01,-1.104768828354671,-0.26971208111496103,-0.12250160108120449,-0.02875716318185648,0.006848119706921068,-0.8398956973664263
1994-02-01,-0.7933231912918212,-0.45501479648583265,-0.04380218667370765,-0.02875716318185648,0.006848119706921068,-0.919632713601975
1994-03-01,-0.5843548135987399,-0.2697120811149528,0.209632734085062,-0.03910635699256222,0.006848119706921068,-0.7612373800990644
1994-04-01,-0.4192760327216843,-0.08440936574409769,0.20711049008686247,-0.10428733417416211,0.006848119706921068,-0.9808933534599651
1994-05-01,-0.7598552379596422,-0.08440936574409769,0.5196856115306562,-0.020116528657775582,0.006848119706921068,-1.152994546196063
1994-06-01,-0.8244943154302088,0.4714987803685253,0.5729150342427696,-0.03590302186001132,0.006848119706921068,-0.8779036034058693
1994-07-01,-0.946775846579732,0.10089334962678213,0.6568443234172756,-0.02801925519015713,0.006848119706921068,-0.7960104807156617
1994-08-01,-1.0255550234407518,-0.17706072342953758,0.4944824957634971,0.0010945413028563636,0.006848119706921068,-0.8632314804573634
1994-09-01,-0.8476903758863266,-0.2697120811149528,0.5981601708077502,0.15718944800143891,0.006848119706921068,-0.6454245526401462
1994-10-01,-0.5814755568474164,-0.08440936574410592,0.7443068534827181,0.0083758075564925,0.006848119706921068,-0.6401644430485562
1994-11-01,-0.4308200225700109,0.10089334962679036,0.5112910123870663,0.18038379996155063,0.006848119706921068,-1.0486180692420144
1994-12-01,-0.7228056962803806,0.008241991941325766,1.1505269898578188,0.13616873905040888,0.006848119706921068,-1.787858079794546
1995-01-01,-0.9745913570802592,-0.17706072342952114,0.8227439371370795,0.1849603290025574,0.006848119706921068,-1.7884585997056366
1995-02-01,-1.0810142752711986,-0.2697120811149528,0.4834838836132937,0.237938353072322,0.006848119706921068,-1.5354904651118066
1995-03-01,-0.9888506638268247,-0.08440936574408946,0.40033624142570545,0.22185094380580422,0.006848119706921068,-1.4291489701009459
1995-04-01,-0.9523158673327118,-0.08440936574408946,0.3335177763987699,0.2958631685869535,0.006848119706921068,-1.261700795121157
1995-05-01,-0.9756997501407007,-0.17706072342953758,-0.10486293594876178,0.34091813476344296,0.006848119706921068,-1.0375974167995923
1995-06-01,-1.0245377823542725,0.4714987803685253,0.0801493869148904,0.3201802313040336,0.006848119706921068,-0.9917521698834626
1995-07-01,-0.9428724127242385,0.28619606499762906,-0.14289786330039247,0.33342960186494147,0.006848119706921068,-0.930449095626297
1995-08-01,-0.9052590736715972,-0.08440936574408946,0.13792191161536976,0.33860891517760894,0.006848119706921068,-0.7779910152997805
1995-09-01,-1.0033425575364614,-0.08440936574408946,0.1833955227484942,-0.07067208552398815,0.006848119706921068,-0.9346388340800634
1995-10-01,-0.69897094938375,0.19354470731221382,-0.04089780394871421,0.14344383702240937,0.006848119706921068,-0.927727294732974
1995-11-01,-0.9488205024088,0.2861960649976455,-0.17939003459253347,-0.3389541666436459,0.006848119706921068,-0.5259405516265313
1995-12-01,-1.044163213279505,0.1008933496267739,-0.4549410375171762,-0.3202975499442977,0.006848119706921068,0.1391269093519903
1996-01-01,-0.8158935289689515,-0.08440936574408946,-0.2258507953605785,-0.38565221194402705,0.006848119706921068,0.27371843442517146
1996-02-01,-0.6095588574025977,-0.17706072342952936,-0.11450049501725436,-0.4639990451650128,0.006848119706921068,0.4723004481529575
1996-03-01,-0.24840773828181095,0.3788474226830772,-0.2742980490449549,-0.5312682201711826,0.006848119706921068,0.15938817071615788
1996-04-01,-0.4054902338709242,0.1008933496267739,-0.08959358705036724,-0.4468023195012315,0.006848119706921068,0.006366355440474696
1996-05-01,-0.46223881293963803,-0.08440936574408123,0.05582127483671269,-0.7531876014368267,0.006848119706921068,0.16132946495370099
1996-06-01,-0.42933930109133317,0.1008933496267739,-0.15071414637166985,-0.6760225366920154,0.006848119706921068,0.13914359046063163
1996-07-01,-0.2197928673079778,0.10089334962676567,0.050696728073379,-0.7006530576769594,0.006848119706921068,0.05530433842892706
1996-08-01,-0.5133022234683602,0.19354470731221382,-0.0590764602262527,-0.7772529148747106,0.006848119706921068,0.057253852343192004
1996-09-01,-0.40512477920810164,-0.26971208111496103,-0.14788216179642835,-0.5036787357269386,0.006848119706921068,0.1953672671364892
1996-10-01,-0.4310939765901182,-0.08440936574408123,-0.2609836087788262,-0.553125446194681,0.006848119706921068,0.28115542869446486
1996-11-01,-0.482002578192569,0.1008933496267739,-0.13486865112857896,-0.13497709907521016,0.006848119706921068,-0.004779258991243348
1996-12-01,-0.050117078988212174,0.008241991941333996,0.08565834608767993,0.07677558660663483,0.006848119706921068,0.1015721734306389
1997-01-01,-0.022014875605643865,-0.17706072342952114,-0.048611594647369444,0.16556329585324975,0.006848119706921068,-0.030114058554164144
1997-02-01,0.06612867687315029,-0.3623634388003845,0.13445198309541853,0.18941580905584676,0.006848119706921068,-0.40247444806408117
1997-03-01,0.07016791262013779,0.008241991941333996,0.11934294660215394,0.5806227396843472,0.006848119706921068,-0.24342373530613856
1997-04-01,0.002985545646541551,-0.17706072342952936,0.2913023008445077,0.468570029049758,0.006848119706921068,-0.21991727304562453
1997-05-01,0.03771805893847152,0.1008933496267739,0.714401077771789,0.6451205258700479,0.006848119706921068,-0.33643481690584265
1997-06-01,0.07338139327599158,-0.08440936574408946,1.0757032103406858,0.5618811032323442,0.006848119706921068,-0.34724973567502065
1997-07-01,0.11768274691659271,0.008241991941350453,0.49135382534571764,0.7104499793113501,0.006848119706921068,-0.41141640024896114
1997-08-01,0.4558486007472788,-0.08440936574408946,0.2522262833213325,0.9786943686544246,0.006848119706921068,-0.3869229723938304
1997-09-01,0.5521270015736587,-0.45501479648583265,0.6007116539351669,0.9707344158249885,0.006848119706921068,-0.4183835432915215
1997-10-01,0.5598662026416794,0.19354470731221382,0.5751806232950749,0.9682307702334714,0.006848119706921068,-0.5363579039730892
1997-11-01,1.6627836278606105,-0.17706072342952936,0.552491607702672,0.7560103052237538,0.006848119706921068,-0.5064318975200646
1997-12-01,0.8781606770993546,0.10089334962678213,0.2583973151761529,0.4448964924080136,0.006848119706921068,-0.6181231381637123
1998-01-01,0.5592880226822436,0.1935447073122056,0.2058841933656127,0.4199049690941742,0.006848119706921068,-0.5623943343775498
1998-02-01,0.04753426403788206,0.008241991941342224,0.0965451017719655,0.5283965275780027,0.006848119706921068,-0.5376792233681058
1998-03-01,0.06866427862341447,0.19354470731221382,0.43042139667603196,0.00587529533041864,0.006848119706921068,-0.5664256022992228
1998-04-01,0.3160936969299288,0.378847422683069,0.1879914327431404,0.018912663937984592,0.006848119706921068,-0.5373309686438378
1998-05-01,0.1633210459851375,-0.26971208111496103,-0.20388991044957083,0.11143964305080944,0.006848119706921068,-0.5519046972268792
1998-06-01,0.26768527442970613,-0.08440936574408946,-0.4908330220657399,0.1480134927291238,0.006848119706921068,-0.6127851833984627
1998-07-01,0.038411162609342506,0.008241991941350453,0.07901659334295244,-0.24604714000464367,0.006848119706921068,-0.4890669609747042
1998-08-01,1.5810078962686578,0.1935447073122056,0.472662710584777,1.0793408301159872,0.006848119706921068,-0.4374667315772895
1998-09-01,2.456523851427394,0.6568014957393723,0.2813013470071914,0.9991761683835553,0.006848119706921068,-0.3090221950384662
1998-10-01,2.245264706920153,1.1200582841665472,1.274977957491635,1.2058576180227663,0.006848119706921068,0.16180209636520745
1998-11-01,0.8710996118507424,1.120058284166546,0.5220320230708357,1.336743993395742,0.006848119706921068,0.09087275426749263
1998-12-01,0.7726657158892495,0.7494528534248235,0.2184042718916047,1.4511743408838356,0.006848119706921068,-0.012070659373710383
1999-01-01,1.1108978954300668,0.3788474226830669,0.13386173821891495,1.3682049515735675,0.006848119706921068,-0.17347135989288964
1999-02-01,1.2150823209040802,-0.5476661541712653,0.01653402890486445,1.1633582706283847,0.8905468658040311,-0.11381225278998887
1999-03-01,0.7502341116737848,-0.7329688695421195,-0.24092399707594678,1.3392657272496236,0.49367130895751427,0.05042547678411227
1999-04-01,0.5079573949118181,-0.6403175118566867,-0.09430097978742741,1.4304361818564868,-0.17398164485754075,0.10275097177463165
1999-05-01,0.868651695704077,-0.45501479648583265,-0.42024771287593155,1.425002185782898,-0.9125705260565318,0.22041395176155976
1999-06-01,0.5275132290634875,0.008241991941333996,-0.26648575416983594,1.4677154466336657,-0.7588045942956514,0.32130129682478087
1999-07-01,0.18648331047713862,-0.2697120811149528,0.06860567016248043,1.7905682581950981,-0.806899047319841,0.23063947135874147
1999-08-01,0.6197762111024276,-0.08440936574408946,-0.11477219287500058,-1.1478973338804785,-0.9022737563896414,0.17106011166118773
1999-09-01,0.6485944306739125,0.5641501380539405,0.0012313653991069319,-0.9811275988227713,-0.927001166423518,0.07508813327763404
1999-10-01,0.5797881389838557,0.19354470731222206,0.02627152153148236,-1.0393856276956763,-0.6106100496743411,-0.3121109803218996
1999-11-01,0.2882435312458583,-0.36236343880040095,0.30214731584645327,-1.0082240674452838,-0.5192284328979322,-0.21805513454939165
1999-12-01,0.33336400740657907,-1.381528373340166,0.223775818052646,-0.9111094607073068,-0.4751054981191957,-0.02841814584228789
2000-01-01,0.4713615210898541,-0.8256202272275593,0.11228498242304921,-0.8801696060668012,-0.46253946464615864,0.0767588780010337
2000-02-01,0.5234293591283875,0.5641501380539405,-0.020389111984841606,-0.5750476579207925,-1.371567002517221,-0.3442687922956986
2000-03-01,0.40735326010794976,0.7494528534248122,-0.16202239262092782,-0.1028859992084761,-0.7038928383271091,-0.6495464787609572
2000-04-01,0.9956403926496575,0.6568014957393887,-0.15909682271067624,-0.2989282180692927,-0.6235511271494566,-0.86736377660376
2000-05-01,0.890971638751437,1.3980123572228411,1.0752909746763044,-0.3412512720894367,0.21352456842941384,-0.9100147375405749
2000-06-01,0.251446027265095,-0.91827158491299,1.217475148392176,-0.2588479765128965,-0.5117222330832845,-0.924610707601805
2000-07-01,0.03351533031601119,-1.0109229425984392,0.035053379131113754,-0.2649824274876509,-0.09371452573655431,-0.7405346737438937
2000-08-01,-0.20522984517275764,0.10089334962678213,-0.34400126948336784,1.247297901866566,0.22206837877694588,-0.9221230466174561
2000-09-01,0.006323613119267467,0.1935447073122056,-0.5402174794669581,1.097762350117024,-0.284391302332472,-0.7581193424367089
2000-10-01,0.7357364649297262,0.5641501380539488,-1.6294641952775197,0.6209943958551,-0.631611784330593,-0.6135886567980235
2000-11-01,0.8922518756972181,0.378847422683069,-1.1347728050282826,0.5455568734264866,-0.5614462958315317,-0.4938599995243348
2000-12-01,0.9117879478020737,-0.17706072342952114,-0.4163127474924003,0.4697884591460825,-0.276791130079583,-0.43260974877786684
2001-01-01,0.6984978949765906,-0.26971208111496103,-0.4257441810236081,0.49655158751487216,-0.7691295179523809,0.1612683008886825
2001-02-01,0.49909296375278994,-0.08440936574408123,-0.22461408929732843,0.1389571356640329,-0.548659526662935,0.6148738837110513
2001-03-01,1.1719707600590816,0.8421042111102356,0.08605962066476502,-0.6086024228224257,-0.7181413811278076,0.9768507347921942
2001-04-01,1.1239627338117006,0.10089334962678213,0.24476232147060983,-0.5462728926609074,0.08570282850351332,1.6257999886592427
2001-05-01,0.43723504390022216,-0.8256202272275593,-1.1890660290619544,-0.672139718844995,-0.5311442086871347,1.8573811860686178
2001-06-01,0.17211716166273092,0.1008933496267739,-1.8852492146126565,-1.1575794326512934,0.12681153355075556,1.970896130373383
2001-07-01,0.35415138940318297,0.4714987803685089,-1.3534291333600084,-1.3438875880634547,0.338794877737932,1.8344724635344205
2001-08-01,0.2940184819897121,-0.08440936574408946,-0.9892087024669807,-1.6628627814322399,0.19077475232204427,2.0064631550592322
2001-09-01,2.0411153167623697,0.2861960649976373,-0.8320501130965218,-1.489488473149503,0.9927563066295876,2.364719933667486
2001-10-01,1.7309538896339862,0.19354470731221382,-1.0764338827989683,-1.1729243954566355,1.6412510481127274,2.5179252864205446
2001-11-01,0.9250797859266318,-0.36236343880039273,-0.8706051112246559,-1.079135485603507,1.26814829381644,2.5338223829558046
2001-12-01,0.5399031731964873,4.084901730100435,-1.3357842207810893,-1.2668532803786114,1.2877409070620593,2.6171890035760024
2002-01-01,0.345771135928113,0.37884742268307103,-0.9612124930647479,-1.411655475120331,1.5210573923333635,1.9938048529075798
2002-02-01,0.42819741219360163,0.5641501380539385,-0.7206171445010822,-1.4137392633321697,1.5359042711137558,1.7979832700089176
2002-03-01,-0.08663104055816523,-0.7329688695421277,-0.8520272781927455,-0.8876446009410756,1.285779646699557,1.450036853599813
2002-04-01,0.034501714217861794,-0.26971208111496103,-1.242719041313448,-0.8271201667625998,0.6591931029870749,1.0619592016118322
2002-05-01,0.05928160248386133,0.6568014957393825,-0.7701478060177999,-0.8081914423823733,1.3939837867270708,0.9179845529278604
2002-06-01,0.7451311701412534,-0.17706072342952114,-0.42797191708567084,-0.35939916032792424,1.439063643175319,0.8667652088444243
2002-07-01,1.9067064762179415,0.47149878036850684,-0.1820655877235987,-0.07887889678424137,1.1283277739949111,1.0845176208645595
2002-08-01,1.8661083583064124,-1.4741797310255977,-0.11922246027967082,0.11833422735282653,1.8719764909666687,1.09861920154649
2002-09-01,2.382787072260463,0.3788474226830772,-0.4319137428394125,0.17441529052182916,1.5542041678720728,0.2545273095540765
2002-10-01,2.0646298861242283,1.49066371490828,-0.0976993626188983,0.36014844783262545,1.4049905378338687,0.17183856339778694
2002-11-01,1.1293878452718789,-0.918271584912989,-0.023668254649620316,0.19305316878649845,1.5218407511202257,0.25928532466146725
2002-12-01,1.1340820474064108,-0.640317511856696,-0.05882065813613689,0.37165022195505865,0.9871795553150169,0.20717193168505774
2003-01-01,1.0300534873512057,-0.5476661541712664,0.06531517301522982,0.49410214743324854,1.295110961070486,0.31240470554936445
2003-02-01,1.6644124767585808,-0.6403175118566939,-0.005764137806351848,0.6464780241712811,1.2303389094956194,0.4161904664017876
2003-03-01,1.4548000187455958,-0.45501479648581616,-0.1198751640245267,0.21859206871942116,1.2556104143332418,0.5811290252080886
2003-04-01,0.5758815546571304,0.4714987803685006,-0.21950174909505255,0.5461595969867223,1.7222828750991408,0.6340164801556648
2003-05-01,0.07936728861532837,0.47149878036851506,0.0924321170491349,0.6700765250093795,1.558543049644362,0.2555499269299067
2003-06-01,0.09562372016847366,0.5641501380539509,0.05423896051389977,0.5348853831341327,0.9106685850333018,0.15316406227373308
2003-07-01,-0.06329464092902012,-0.8256202272275676,0.10393807463889602,0.18455354559887885,0.7709038879418797,0.45032967216605374
2003-08-01,-0.04835281509872467,0.008241991941342224,0.06395042629902555,0.18248852633584933,0.1597701157736591,0.5175267381431827
2003-09-01,-0.014201706952194302,-0.5476661541712541,0.06816334312194453,-0.42798078251767024,-0.09621086414115855,0.83257449649909
2003-10-01,-0.21385939680612548,-0.3623634388003948,0.07335262094139958,-0.6870745888082322,-0.3888481929344227,0.589867145951411
2003-11-01,-0.29621862642985136,-0.17706072342952936,0.024331101742175308,-0.595234417553755,-0.3388741431390008,0.24876188631696947
2003-12-01,-0.3722613545757175,-0.26971208111496003,0.13717210991635626,-0.7343431880851816,-0.16049135261424724,0.14111752164986466
2004-01-01,-0.4682413198545577,-0.7329688695421205,0.11343736657826266,-0.7751291616856864,-0.834549636716285,0.038359112234032794
2004-02-01,-0.48181454480434704,-1.1962256579693027,0.04276716763514573,-0.8751723015035612,-1.091071303058774,0.019364450884475352
2004-03-01,-0.25833035289008377,0.10089334962678213,0.0427155702483698,-0.6795794718594911,-1.2124309131253106,-0.050138641579781804
2004-04-01,-0.5214905846048019,-0.45501479648583265,0.08637975843302342,-1.1141441907655922,-1.1770204811088354,-0.1463257820892897
2004-05-01,-0.25600037394907416,-0.17706072342952114,0.016337281490436045,-1.2359889677818219,-1.3104607788728388,-0.03366157432523624
2004-06-01,-0.5685758091879078,0.5641501380539488,0.06175496276579801,-1.1856141569910525,-0.7429989638522656,-0.24541156741923945
2004-07-01,-0.547450467550135,0.2861960649976373,0.21117596173272846,-0.999597993106848,-1.148324356493696,-0.8942788917221824
2004-08-01,-0.39108685221469314,0.1008933496267739,0.15924542220257074,-0.9726660122207627,-1.5059599561947001,-1.107407856463875
2004-09-01,-0.7355336000545487,0.008241991941342224,0.1115979247740834,-0.5138602804469874,-1.0835796078718383,-1.3127245019918428
2004-10-01,-0.6173909288834344,-0.6403175118566877,0.20770205779315984,-0.6221814705896748,-1.7115727103697653,-1.393141346567285
2004-11-01,-0.8021345618827447,-0.5476661541712561,-0.02064415483302178,-0.6154412073608864,-1.6866407776848324,-1.3945620209865779
2004-12-01,-0.9500778268365362,0.008241991941342224,0.095398961519539,-0.48562381987277,-2.000400140740513,-1.5358899337661145
2005-01-01,-0.8206089251826757,-0.17706072342953758,0.20482237559203495,-0.400982053905281,-1.1771675963040604,-1.8558919813885186
2005-02-01,-1.0493968092516788,-0.3623634388003845,0.1909843963530005,-0.3165187257493126,-1.2328302881420237,-2.078337637957465
2005-03-01,-0.861844583908815,0.378847422683069,0.27185904181367315,-0.2136723024699264,-1.8000367540547988,-1.9680068004657956
2005-04-01,-0.6855041169026209,0.5641501380539488,0.4026452190288779,-0.2532296652508152,-1.734020249824184,-2.1115271911332862
2005-05-01,-0.7505298431152022,1.3053609995374102,0.5078151174923492,-0.19922819904958972,-1.333032520016577,-2.2296961647490035
2005-06-01,-1.0282667946661463,0.3788474226830854,0.5408191860621782,-0.19707575105234812,-1.4995781515258275,-2.1413585737536667
2005-07-01,-1.1367209075818026,-0.08440936574408946,0.25169225028561687,-0.22001590296937754,-1.542275267657045,-2.064644935296616
2005-08-01,-0.8850083925052924,-0.17706072342952936,0.2528735934009968,-0.3347444069421312,-1.7457200451521888,-2.0670817068118486
2005-09-01,-0.9277753545841857,0.2861960649976455,0.5874795334132141,-0.35165807393469517,-2.16847287590913,-1.8008137408393707
2005-10-01,-0.6221796451549036,0.4714987803685089,0.34431708848627884,-0.12088885460373568,-1.9989009479176054,-1.765338583128648
2005-11-01,-0.9913518640304011,0.1935447073122056,0.572348636471045,-0.05703866145950999,-1.44296292429389,-1.6413896053686838
2005-12-01,-1.108801431530645,-0.17706072342952114,0.7218775188908182,-0.09097907691037513,-1.1676721015993843,-1.5549898031605234
2006-01-01,-1.006121273162406,0.008241991941342224,0.0888063270069133,-0.18581416870651427,-1.4267753051764551,-1.326700490848567
2006-02-01,-0.9485551995682755,-0.26971208111496003,0.1017917281809118,-0.1380705789090446,-1.9838602716645923,-1.2001826223578258
2006-03-01,-1.0513861479966344,-0.36236343880039373,0.29476822790160784,-0.35012491642630356,-0.6086308731364868,-1.072905763423901
2006-04-01,-1.0310809643989614,-0.36236343880039273,0.23185395865260763,-0.05995100128119496,-0.94277547025405,-0.8219955508645688
2006-05-01,-0.6860998423717986,-0.36236343880039273,0.07902199019927274,0.0651720330856769,-1.5127906674621772,-0.5305473177963329
2006-06-01,-0.36005184652232486,0.842104211110252,0.3429577318670335,0.08269438555546817,-1.2086708674888276,-0.5492023576269713
2006-07-01,-0.5707891584310846,0.19354470731220458,0.3667464186136341,0.1363995982252563,-0.9740732419454864,-0.5033710116347095
2006-08-01,-0.832022945476411,0.008241991941342224,0.2455373987832552,0.20089852071269496,-0.7831959642439801,-0.3848390425896432
2006-09-01,-0.9864717840932264,0.10089334962677596,0.20629955077682444,0.1510933938049028,-0.16053315913777944,-0.45887415433376005
2006-10-01,-1.102666604824014,-0.08440936574409152,-0.027725020842298064,0.07966934592107117,0.378887422609161,-0.40275612467929783
2006-11-01,-1.1673371870068927,-0.3623634388003917,-0.09922593732164475,-0.02300654880660531,-0.3693168871134121,-0.4086278749210727
2006-12-01,-1.1479019299814368,0.2861960649976373,-0.2345170975390509,0.07371259282735933,-0.7375397105940463,-0.29061181146790144
2007-01-01,-1.1375809862279282,0.37884742268307825,0.0322052051465642,0.11636562143391208,-0.4821276905590518,-0.24605379010193326
2007-02-01,-1.1226601886625491,-0.4550147964858172,0.02046900012444106,0.10890714950610525,0.31079703677074444,-0.10434791851870712
2007-03-01,-0.5923933716960047,0.7494528534248039,-0.006140007297575291,0.2666783441186135,-0.10468568870321657,-0.0687030232112825
2007-04-01,-0.8874304199970577,-0.4550147964858234,0.05355190297701297,-0.03746252563264967,-0.20896682064177735,-0.16486815127384188
2007-05-01,-0.8391697832382278,0.008241991941342224,0.3916678986350959,-0.26297402421941457,-0.21533667907937137,-0.2777173144880949
2007-06-01,-0.6208564472377874,-0.08440936574409152,0.38023206731949016,-0.19227856845478153,-0.7784098842898781,0.10717146556460395
2007-07-01,-0.31311841737126905,0.10089334962677596,-0.036803549972986134,-0.018396363341774337,-0.716609402771766,0.20787531843276982
2007-08-01,0.7127243272407443,-0.5476661541712571,2.0716022656295663,0.010495103271275763,-0.5332826898048726,0.42938762816515824
2007-09-01,0.3386378058035077,-0.08440936574409769,2.520224697403696,0.006717403457348964,-0.8832448625399117,0.6494187038012297
2007-10-01,-0.06934317211931708,-0.2697120811149528,1.9497459485644715,0.037248503012293446,-1.4807629239514308,0.7350483948271118
2007-11-01,0.7863330329032753,1.3053609995374102,3.1342175354676995,0.18302946697869799,-1.385336290005924,1.1596493341854504
2007-12-01,0.266133524145088,1.8612691456500148,3.6865499987385197,0.2022546731779665,-0.7012005087835211,1.329532524774299
2008-01-01,0.8172706603939505,0.47149878036851095,1.9439201461290463,0.43435667013150603,-1.2938316894214732,1.7093919505716146
2008-02-01,0.769610331607908,0.7494528534248122,1.5676338920938842,0.7788104124713736,-0.6263527879673936,2.3587788767761855
2008-03-01,0.9876071884528485,0.8421042111102438,2.7586719940704967,0.7574924820300727,-1.2231871919353625,2.373261151912728
2008-04-01,0.25445329525854166,0.3788474226830772,2.508145527885191,0.9915229763263526,-0.7634035793529121,1.9853808930436705
2008-05-01,-0.17682903190827162,-0.5476661541712643,0.7878007788274175,1.1315133066388068,-1.0276349934332079,1.7980798448484205
2008-06-01,0.3269313179653591,0.28619606499765377,0.39166790700970855,1.9227341565490865,-0.8953179934532034,1.4757452222009928
2008-07-01,0.6195356296629522,0.9347555687956756,1.558608138436086,2.1454322080258645,-0.9956433275409229,1.5347963467915688
2008-08-01,0.13973031740568945,0.1935447073122159,-0.5366572480270297,2.1268837409927692,-0.047206413821044305,1.347513430236147
2008-09-01,1.4024391868825579,1.3980123572228318,1.0153919932364615,2.203673970445471,-0.00024306063278627276,1.3430192011108755
2008-10-01,5.4962573886494805,8.717469614372117,5.255887820203012,2.32509302852512,1.2754904359312191,2.0389550536303176
2008-11-01,5.693619776373896,4.548158518527593,1.0119358815844381,2.469818667813931,2.5460930346185564,1.859223521845235
2008-12-01,4.335496398445106,2.69513136481891,-0.5083160982593357,2.386150119548227,2.431478203300625,0.7200048150173377
2009-01-01,3.3137229668477617,-2.678647380936226,-0.21795899309528974,3.2203152242718573,3.1313681795690336,0.4977624045878898
2009-02-01,3.4311602640916306,-2.585996023250803,-0.051081888790169255,2.8835327798402455,2.499433053330648,0.09741140742872338
2009-03-01,3.3286029288793353,1.0274069264811072,-1.1653880663158969,3.365513988356374,3.702299954014986,-0.0760593921221421
2009-04-01,2.4378730617385145,0.7494528534248204,-1.3824016991402708,3.573041584143682,3.383804119580668,0.408293278389711
2009-05-01,1.6326000131512757,-4.439023176959477,-0.7733457542555305,3.8284690037161804,3.4998376980115147,1.1236542819220712
2009-06-01,1.2571365896334878,-5.828793542240986,-1.1669495688821654,2.607683553054302,3.114727511788025,1.4868937631429988
2009-07-01,0.8631243371321216,-1.9374365194527665,-2.094816214474678,2.1225025269247015,3.6675267392608566,1.3541121383574104
2009-08-01,0.7538831792216091,-3.3272068847342604,-2.078050869685355,2.3956277942090933,2.42342924708301,1.223137633674641
2009-09-01,0.6995690551952095,-1.2888770156547384,-4.565333331459538,2.3463422058046115,2.3827475087991754,1.0035586402582708
2009-10-01,0.6103333896030052,-0.3623634388003907,-7.849898176500974,2.164847141631568,1.1965803896540914,0.23422590971664387
2009-11-01,0.5490332388245913,-0.08440936574408946,-4.6974151055028095,1.6858976155041174,-0.07995925551161441,0.2969473659600435
2009-12-01,0.2116899443917317,-0.17706072342952114,-3.981458627690401,1.6647381260435603,-0.35320508004829776,1.3687081084186397
2010-01-01,0.1327760666984387,-1.1035743002838627,-2.236499017750014,-1.2812619057060255,-0.6510009712297434,1.3349407157864601
2010-02-01,0.3837658189767429,0.008241991941342224,-2.015222496059867,-1.962471924998362,-0.5045863209791646,1.1368319187722384
2010-03-01,-0.24774476955315217,0.1008933496267739,-2.3392535868344004,-2.5704918876862535,-1.3854735331739207,1.0611012124151893
2010-04-01,-0.29314442976527244,-0.36236343880039273,-1.9995481903170103,-3.0394770502443262,-1.3443070548835887,0.9401704274209294
2010-05-01,1.6261825032532606,1.2127096418519807,-0.8570294610696715,-3.145511893632529,-1.1466479429155527,0.22041395176155976
2010-06-01,1.359804718929752,2.4171772917626195,-0.07957465092316074,-2.680147509360198,0.1790516787580637,-0.14460206752967797
2010-07-01,0.7840646936167903,-0.5476661541712623,0.04977970394177361,-2.7155115118575943,0.13976187094089493,-0.26050797073971166
2010-08-01,0.6756512504206644,-1.1035743002838627,-0.11880709977199787,-3.127949734306564,-0.011800855444055298,-0.44714177458930515
2010-09-01,0.3808043760193869,-0.36236343880039273,-0.09370760940348889,-3.041078007082259,0.3216772709451699,-0.42706884052414673
2010-10-01,0.09707293693483902,-0.8256202272275593,-0.13221723090615553,-3.204262128566521,0.1123947888708425,-0.42254269971277847
2010-11-01,0.06033844237870103,0.1008933496267739,-0.18860910753037247,-3.0198722822379067,-0.05663803953311265,-0.44296827826763613
2010-12-01,-0.2739236911900162,0.2861960649976455,-0.10664304482330197,-2.6738553841808956,-0.2144313154411188,-0.12475154824640565
2011-01-01,-0.3075389328207612,-0.26971208111496103,-0.10807337421665537,-0.8690166397901803,-0.6583719989088789,-0.1016100218188011
2011-02-01,-0.2923883166697776,-1.1035743002838545,0.084740187563231,-0.22134884246734185,-1.2773077891794875,-0.10908008565434804
2011-03-01,0.1434040408153241,-0.26971208111496103,0.21938461823776997,-0.19930990355963393,-1.5035830663594303,-0.13632678711235455
2011-04-01,-0.44931958963979196,-0.36236343880040095,0.17014362391918939,-0.11496749077672161,-1.4544768426063308,-0.15446894329106875
2011-05-01,-0.36100558008596095,-0.3623634388003845,-0.20513598464674757,-0.49691957939490966,-1.281235061967288,-0.03925808627442823
2011-06-01,-0.06437725740666084,-0.5476661541712643,-0.5100365891777594,-0.7253544369823295,-1.7116104942906412,0.07433748338877076
2011-07-01,-0.05454349106809066,0.6568014957393805,-0.353247030313551,-0.6402814863609413,-1.9438654786808809,0.1892508606346401
2011-08-01,2.0363249567667796,1.490663714908282,0.1473618668425499,-0.35133689346776825,-1.5792387678851174,-0.2054736087589466
2011-09-01,2.2349197050226968,1.768617787964575,0.4889803483302973,-0.3117473463886687,-1.265412977440396,-0.5885419721729533
2011-10-01,1.7452104568403497,1.9539205033354528,0.5723486373663575,0.247533847758084,0.10138949774151322,-0.4455709701922393
2011-11-01,1.6278238987647309,-1.1035743002838647,0.7816890763385508,0.30363337979987903,-0.5499288422803832,-0.7750312064143207
2011-12-01,0.7155734490498561,0.471498780368513,0.9499090719628424,-0.48562118439129004,-0.3292611514351619,-1.2923735494493271
2012-01-01,0.07784246053941334,0.5641501380539488,0.9476792543739393,-0.24432331551051542,0.2686165919707622,-1.4230338932526836
2012-02-01,-0.1613255629793903,-0.8256202272275676,0.5751031173104905,-0.14506945005401684,0.5264860680705205,-1.5009794462154546
2012-03-01,-0.45947212638566737,-0.45501479648582027,0.4368319282943339,0.12844700054943148,0.6002542491963527,-1.211453249674672
2012-04-01,-0.2403866385270999,-0.08440936574408946,0.4033270726305756,0.229883624199567,0.9168311182128379,-1.3023571929712094
2012-05-01,0.18023392118028125,0.3788474226830772,0.39404137458515287,0.5310157519578657,1.0028216154224827,-1.4765329888504457
2012-06-01,0.19732093151256852,1.027406926481103,0.3953643875759725,0.6549961980909702,1.3860317281885777,-1.689995575764966
2012-07-01,-0.274493640076393,0.842104211110252,0.3533362883113074,0.6327795465477385,1.0298130487785726,-1.7626779463003437
2012-08-01,-0.5226822845922675,-0.36236343880039273,0.14471867977728067,0.14811382998848888,0.8393808961120174,-0.9215138235192482
2012-09-01,-0.5762490908890809,-0.7329688695421318,-0.1532943076953032,-0.35003779370477084,0.10566877839160806,-0.4499570774863274
2012-10-01,-0.4450601525351695,-2.2153905925090616,-0.41388930179090316,-0.9292184378898215,-0.909183082316441,-0.5867987963199263
2012-11-01,-0.38872972692078184,-0.9182715849129972,-0.6151599286589525,-1.02336423878508,0.15591621610405873,-0.5502532674713805
2012-12-01,-0.30866365105031046,-0.2697120811149569,-0.7645576480446407,-0.523207455513359,0.3132089079198884,-0.40248088638671486
2013-01-01,-0.8117119944256829,-0.45501479648582027,-0.7643327923064344,-0.7456870080316574,0.14991055068466316,-0.16810018923587158
2013-02-01,-0.736634606842726,0.19354470731220047,-0.55252831302474,-0.8936529581234732,-0.16840233408934827,-0.034751260430961016
2013-03-01,-0.8743969205134607,-0.269712081114959,-0.4900994064331155,-1.2251912024120695,0.12201716418077252,-0.23258657505877164
2013-04-01,-0.7505756681512926,-0.5476661541712571,-0.4202477151255268,-1.2905570804129212,-0.223758484575513,-0.3706032877729881
2013-05-01,-0.8132471331347186,-0.17706072342952114,-0.3844582199954226,-1.7316238568165367,-0.19400731850170844,0.13505671884348677
2013-06-01,-0.31336100365607383,0.7494528534248163,-0.38765304093797764,-1.719456387689635,-0.9641105607939722,0.7470671336032443
2013-07-01,-0.7496133423933896,0.5641501380539405,-0.31945738770430465,-1.6626873538554248,-0.5826712008887093,1.1667832883144251
2013-08-01,-0.7184580459812836,-0.9182715849129993,-0.2836395009727021,-1.0656080122466824,-0.5990800430656525,1.1777674357219938
2013-09-01,-0.6546799063762692,-0.45501479648582444,-0.1116148493013604,-0.6913869113955258,-0.39707973408227404,1.1344320340105913
2013-10-01,-0.5599619476484184,-0.45501479648583265,-0.08351245811349699,-0.4672910305782317,-0.3429157466460811,0.9723371652511072
2013-11-01,-0.8886212981224629,-0.2697120811149528,-0.11771405327072419,-0.4368546240395045,-0.6801714732886375,1.2514855682300512
2013-12-01,-0.7207893946923936,0.1008933496267739,-0.16545836345108297,-0.49073230832528203,-0.7505251519319385,1.3428968729808382
2014-01-01,-0.7143624333806851,-0.5476661541712561,-0.08302697457795595,-0.3627138007106508,-0.8521329678640394,0.9766464516501366
2014-02-01,-0.5517351084246073,-0.45501479648583265,-0.03068561880271658,-0.32151379584701206,-0.08834693073071181,0.7852995029817745
2014-03-01,-0.6355376431753178,0.2861960649976455,-0.03947371975484035,-0.14871321514493896,-0.33705573327287597,0.7300635235281051
2014-04-01,-0.7200332815968983,-0.17706072342952114,-0.06065697854039686,0.07489773887252837,-0.311514738372625,0.9079480858952805
2014-05-01,-0.9480013798886804,-0.5476661541712643,-0.09560638837971375,0.27213868263186713,-0.6655445986292875,0.5624267222362996
2014-06-01,-1.0715628615775097,-0.45501479648582444,-0.0748978247998679,0.2522514122557441,-0.6028543501764675,0.160931898531081
2014-07-01,-0.9716700110294825,0.19354470731221382,-0.07277788048133588,0.1273135375837357,-1.0218264165145718,-0.33376583952321853
2014-08-01,-0.813476258315172,0.3788474226830772,-0.0521124709042375,-0.2789681555413772,-0.5484498829902581,-0.6264080887889438
2014-09-01,-0.816815757820275,0.7494528534248039,-0.06961684367961046,-0.266102484601498,-0.7229707307544762,-0.6323048606936807
2014-10-01,-0.20919943892410675,0.7494528534248204,0.040501577868614434,-0.27443406133515535,-0.16552425016407485,-0.6116731094890359
2014-11-01,-0.823896027376776,0.9347555687956756,0.08597897468628796,-0.3282564797641262,0.2524533495082673,-0.8616073308673315
2014-12-01,-0.4429321524217114,0.7494528534248122,0.08697312742809692,-0.3010610588033559,0.7521387552497077,-1.3415828199414739
2015-01-01,-0.0688340285729487,0.3788474226830772,0.0660272165910381,0.05705551912173289,0.9266624056209275,-1.526798729556548
2015-02-01,-0.49428046202349707,-0.8256202272275635,0.13851812002807962,0.23276288333552286,0.8470874765127523,-1.38811726003042
2015-03-01,-0.6387052987950814,0.008241991941342224,0.1435858855107667,0.16924793941519048,0.8745833928726074,-1.2541460088127732
2015-04-01,-0.8130982017674244,0.5641501380539488,0.13248449882550647,-0.09073746655024223,1.0621128407483806,-1.2170027402379096
2015-05-01,-0.8337747444579848,-0.45501479648583365,0.16658757766899723,0.06118734695544395,0.9839419099148399,-0.8167756807894382
2015-06-01,-0.7013166184186381,0.28619606499764344,0.1759514449471539,0.0334668242761537,1.365498036301937,-0.6750891241741125
2015-07-01,-0.6995724029824395,1.0274069264811143,0.12432837776914862,0.11678733566619104,1.862907839334333,-0.5567922620588105
2015-08-01,-0.028000770944980175,0.9347555687956838,0.11130124045716255,0.46461863270760073,2.096302818745458,-0.6839579136017929
2015-09-01,0.6268561791784275,1.120058284166539,0.23739206530918622,0.504500638643476,2.4514345253720604,-0.7224912745634402
2015-10-01,-0.3771331287251012,1.1200582841665472,0.22471555448063657,0.5616327613363661,2.430616471950632,-0.6265470980276223
2015-11-01,-0.45381846255798786,0.10089334962678213,0.07956643132194173,0.7007789291532632,1.6446434891833717,-0.6092250836331518
2015-12-01,-0.21359789524147793,0.8421042111102397,0.21721753366340552,0.7249041957258644,1.1489194833352103,-0.47038411929632984
2016-01-01,0.5396246052139366,-0.3623634388003886,0.3360536467485188,0.4627214439791668,1.7594638189374452,-0.2551012429826946
2016-02-01,0.380722463767375,-0.640317511856696,0.1659317503745715,0.16273795107202543,1.683611516274947,-0.46845437841244475
2016-03-01,-0.501573878293919,-0.6403175118566918,0.233885797243649,0.354832043100058,2.0838222261985897,-0.5684690381077949
2016-04-01,-0.7064862553026104,-1.2888770156547302,0.3673991236205974,0.5711966485749129,1.493699207562642,-0.5295186494301128
2016-05-01,-0.6333953227380819,-1.2888770156547302,0.2541406758119246,0.5629646982397012,1.365709752064287,-0.8386112520010383
2016-06-01,-0.24679813388912766,0.008241991941346338,0.2783884416433796,0.6861752511436855,1.1260231609732543,-1.0489683725234837
2016-07-01,-0.8575923069660814,-0.8256202272275635,0.3464693972110431,0.7609434608547518,0.7855963389534405,-1.1299468144231877
2016-08-01,-0.9580143993235888,-0.17706072342952114,0.6594605389946687,0.5719035267441657,0.4182898516716291,-0.9052654566817286
2016-09-01,-0.7171978574887917,-0.17706072342953347,0.6135877542176605,0.5148620370685144,0.09028718735637224,-0.8405379200491204
2016-10-01,-0.6688066193771034,-0.2697120811149528,0.6067640149373437,0.4943462599164438,-0.5222164570381932,-0.7168947626142486
2016-11-01,-0.5826727359152831,-0.17706072342952525,0.5344417524373393,0.8376442912734908,0.21868459290944117,-0.34720949615856117
2016-12-01,-0.9483794364364277,-0.7329688695421236,0.40602742051091945,0.7906215756558871,-0.22582736885276106,-0.024609292702500223
2017-01-01,-1.0626879841191357,-0.26971208111496103,0.3662873401739493,0.18268867172456996,-0.9465935365157574,-0.018222476650043513
2017-02-01,-1.073005445772862,-0.45501479648583265,0.5177181250319313,0.13858231015276093,-0.9422558736819341,0.15091869725529125
2017-03-01,-1.0244044165563027,-0.17706072342952114,0.14415580139217196,0.11859595243349498,-0.9822732143842925,0.12871064490382206
2017-04-01,-0.8605277170822109,0.2861960649976455,-0.11032192899547962,-0.025032335438040135,-0.3781712635297762,-0.045244116742947704
2017-05-01,-1.1614286214159595,0.008241991941338109,-0.19558899650081588,0.020237976615355466,0.26502547873082233,-0.054690891952502166
2017-06-01,-1.2075601124354294,-0.08440936574408946,-0.2608217823882658,-0.3255350083731895,0.41047004108495627,-0.15744652118356045
2017-07-01,-1.2405257841795903,0.008241991941338109,-0.40831163724718694,-0.37283546301693415,0.5647399684856534,0.0765560708380778
2017-08-01,-1.0141064849404828,-0.08440936574408946,-0.5496844016466319,-0.34062581653407914,0.3527597926927374,0.0004945670268267127
2017-09-01,-1.2175683003176192,-0.08440936574408946,-0.6676137120280975,-0.33987064456462024,0.7511712289212619,-0.12384798819499582
2017-10-01,-1.2589242497634965,0.471498780368513,-0.6707585659723703,-0.3708047120839568,0.4580513548450521,-0.21247471840678397
2017-11-01,-1.204008672138407,-0.17706072342952936,-0.6504653594780896,-1.281479454857222,0.30908551924484823,-0.7195859814750621
2017-12-01,-1.2405257841795903,0.10089334962677801,-0.46864785511777485,-1.3036113214622285,0.6579585234157437,-1.0161705327497068
2018-01-01,-1.1349503427498515,0.008241991941342224,-0.4893064504131302,-0.7413368147779595,0.47873338297976087,-0.9357092052178868
2018-02-01,0.37380701360055063,-0.17706072342952525,-0.5461667729826194,-0.5546355344922141,0.10074813629982116,-0.7560349354841054
2018-03-01,-0.08149577245126002,0.749452853424808,0.18940660417449587,-0.6221286561634614,0.6117983957026831,-0.8431440410803429
2018-04-01,-0.18155473875511652,0.471498780368513,0.5615493262259205,-0.6155414773546982,0.4428820885128049,-0.8040004391038665
2018-05-01,-0.7297653736366424,0.10089334962677801,0.43320370198098807,-0.6950819736657705,-0.22167156043184558,-0.7582166489037835
2018-06-01,-0.7888395732869551,0.3788474226830772,0.37036057358915303,-0.553951041081185,-0.579371149644959,-0.6677772382196299
2018-07-01,-0.8590320723187532,0.4714987803685099,0.34900469676987805,-0.5140142161898839,-0.617176633997002,-0.9216108882311256
2018-08-01,-0.9385116126321764,-0.2697120811149621,-0.02406771236330975,-0.6154398867175426,-0.5595350087745642,-0.866785281863576
2018-09-01,-0.8904041332107882,0.10089334962677801,-0.17968984062126178,-0.5881077291304879,-0.674056719748273,-0.8163700664635263
2018-10-01,-0.03804666486230124,0.2861960649976496,-0.18449300179080014,-0.4712477531496522,-0.31062643564414005,-0.7366424150608992
2018-11-01,-0.03316754376419684,0.6568014957393723,0.2911512585911321,0.04691511175556347,0.33412178587357655,-0.5819362531509563
2018-12-01,0.7030743689756408,1.0274069264811154,0.3384729254309664,0.7106485834179849,0.5149860454451526,-0.5864543460590326
2019-01-01,-0.0089089152837285,0.749452853424808,0.19229605242919448,0.7812781674315739,1.5351343195928295,-0.5597948616142642
2019-02-01,-0.5828650804746637,-0.269712081114959,-0.04511384610574691,0.8170039240515926,1.1326436196274159,-0.7269659087937401
2019-03-01,-0.6820385985482682,-0.8256202272275615,-0.6882629379732802,0.7902464391115341,0.38216041511047083,-0.5903768941235077
2019-04-01,-0.8853070023872089,-0.5476661541712561,-0.9653067335169963,0.9659808450218286,0.36438267754945725,-0.45153446653154156
2019-05-01,-0.38609478734557173,-0.45501479648582854,-0.7274252668551957,1.1655438900078756,0.8564553548089028,-0.42601237031019096
2019-06-01,-0.503306064658144,0.7494528534248122,-0.5177288065989561,1.346988441227598,1.6600178871073137,-0.22278086336239902
2019-07-01,-0.838087166760587,-0.45501479648582444,-0.4740568763695499,1.2862263628012693,1.2136475357773704,-0.14474107676835632
2019-08-01,-0.08741293023646109,-0.9182715849129952,-0.1932856479458407,1.4497086054937838,1.3722136873899944,-0.3248051831204106
2019-09-01,-0.5399586469622708,-0.08440936574408946,0.007286848755074899,1.5127888988491003,1.6536700879672295,-0.30725648505622194
2019-10-01,-0.5521953511783869,0.2861960649976404,0.2795212340184175,1.3767372617873106,1.5872227180616179,-0.2444385027484908
2019-11-01,-0.9416153747029777,-0.26971208111496003,0.09038031228260517,1.4147431527755168,1.0341276754726116,-0.14504455588521853
2019-12-01,-0.7784430182238975,-0.08440936574408946,-0.13620112793748662,0.2457575440054856,0.8611976777264895,0.049849908554216046
2020-01-01,-0.7540583708941795,-0.36236343880039273,-0.26103755216264346,0.031723895286142875,-0.020414629476524455,0.017593912160255937
2020-02-01,-0.0014240588954277825,0.008241991941342224,-0.32580841051065235,0.2765239618684907,1.032432124666273,-0.06851865306314062
2020-03-01,5.041001469707665,4.084901730100422,1.5184209096437296,1.5425239825925465,2.0626141410121774,0.2645855274440019
2020-04-01,2.886437155641001,3.992250372414985,1.8707577838661371,1.4927536046607588,4.5549488433781615,0.24512423402902855
2020-05-01,1.4895623183109838,-2.308041950194493,0.2291473707962395,1.2545621169108347,3.01163708080759,0.33455443764037784
2020-06-01,1.5190094865028128,-2.3080419501944993,-0.19444001713671505,1.0977967030607654,2.2610266267265664,0.29444471191211796
2020-07-01,0.9528010686966977,-0.26971208111496103,-0.14187835075128538,1.0689375181409984,2.8313498284355267,0.2529921569382251
2020-08-01,0.430014736651195,-1.381528373340162,-0.17452441176375896,0.9451888664412592,2.9931848262557375,0.51516358108565
2020-09-01,1.0596049075001408,0.2861960649976414,-0.26109689008519404,0.7828133729397887,2.576518715568823,0.5636972666778196
2020-10-01,1.2965919457075064,0.37884742268307925,-0.5304268928527696,0.8364908636029674,3.6886080633043283,0.5494432593437386
2020-11-01,0.7086770675246943,-0.8256202272275615,-0.5907631103605538,1.0982532991454041,3.762601366401258,0.5784361967666166
2020-12-01,0.36181276262458334,-0.9182715849129911,-0.5678403444569032,1.7187255529272525,2.5020496923986055,0.6342666967852861
2021-01-01,0.6973637253333484,-1.010922942598431,-0.4050075102271858,1.6987526644588498,2.4409001990816566,0.8439204305600193
2021-02-01,0.4632273359993697,-0.640317511856696,-0.041178882277904026,1.4151790967463287,1.745692824089139,1.1753652797338852
2021-03-01,0.2915446771881468,-0.17706072342952114,-1.6459832968874675,-1.7416100809419566,-0.2660836066937885,1.2686432145379996
2021-04-01,-0.29421558998389086,0.008241991941342224,-1.989579592796512,-1.9868351305571468,-2.7883224408105622,1.264617990496269
2021-05-01,0.015982957914217815,-0.36236343880039273,-0.35335321982055795,-1.961888925875421,-1.2974043980649237,1.1664079633699933
2021-06-01,-0.35499963629333453,-0.08440936574409358,-0.14527673513100942,-1.6732150081330892,-1.492427980061753,0.9226552633474536
2021-07-01,-0.26945288610642504,0.19354470731221382,-0.1636172180381542,-1.580151590907679,-1.7930057858923016,0.7311005324486457
2021-08-01,-0.2867346528420981,0.1935447073122097,-0.206328967576396,-1.5552731077355566,-1.573974651557486,0.6435525139290021
2021-09-01,0.024486079767306553,0.1008933496267739,-0.12337603914415332,-1.6261918393748669,-1.5213147337552526,0.6867287834625069
2021-10-01,-0.23397858004277844,-0.26971208111496103,-0.12171460646039245,-1.6457520044800202,-2.8735531037942663,0.6396324533982715
2021-11-01,-0.15074313011369003,-0.08440936574409358,-0.05914857314162662,-2.049198305413224,-3.6159316509401798,0.37620365410562207
2021-12-01,0.22690672043857146,-0.08440936574408946,-0.016094997551514053,-2.1735192578298124,-1.9878010754093962,-0.08621818728475834
2022-01-01,0.4685828054639094,0.008241991941342224,-0.07023711848610524,-2.1400732428982367,-1.9113239869654022,-0.2837308541533216
2022-02-01,0.8083034243842193,0.6568014957393805,-0.0951585991872444,-2.5547522879437823,-2.6475478008693347,-0.8966479018002909
2022-03-01,0.9697699052266757,1.3053609995374102,-0.11859733751478425,-0.5436603825295435,-1.914454131084712,-1.669842862484567
2022-04-01,0.6263741570800493,0.3788474226830813,-0.13647579084925632,-0.17239266889712415,-2.24767069209712,-1.6912494390978454
2022-05-01,1.2800519717435503,0.8421042111102438,-0.06499049059215846,-0.10088632243976729,-2.112508396896542,-1.5913879822160706
2022-06-01,1.137086451335102,0.378847422683069,0.03457619118126813,-0.02091325574812684,-2.621274761002912,-1.5741174744026687
2022-07-01,0.7086424123411506,1.1200582841665554,0.08010374520049253,0.06080091769477575,-1.3674488543261143,-1.6613596725972197
2022-08-01,0.33474996569921095,-0.640317511856696,0.1026517516061462,-0.010349976832034584,-2.3504065599903927,-1.8913208429788817
2022-09-01,1.0191414006321282,0.19354470731221177,0.07060984803542986,0.2379064351197272,-2.603864995909373,-1.959840309887438
2022-10-01,1.3716275782411314,0.5641501380539405,0.09030968465890807,0.3117826250479983,-1.5950542703557316,-2.1012210461776712
2022-11-01,0.4842085699578577,0.10089334962677596,0.008068798035114691,0.47059786895505323,-2.2684274359795618,-2.2071877888222007
2022-12-01,0.28376986209751215,-0.08440936574409152,-0.08414068057340392,0.5680654444203652,-2.618421299000336,-1.9417969107069841
2023-01-01,0.07004189377088864,-0.5476661541712623,-0.0070757945083083865,0.839719177430107,-2.303184562437443,-1.9445187116003066
2023-02-01,0.06361808293041096,-0.6403175118566877,-0.0070757945083083865,1.249251831400926,-1.5009822734915292,-1.72139703115484
2023-03-01,0.2652533098784845,0.7494528534248122,-0.0070757945083083865,1.9876463013876455,-0.7354906919479448,-1.1717014425166083
2023-04-01,-0.2410621658847856,-0.45501479648582444,-0.0070757945083083865,1.6579703263717964,-0.24366751331453654,-1.053113628020873
2023-05-01,-0.26511893350833343,0.378847422683069,-0.0070757945083083865,1.5565121114352698,-0.4908197145207733,-1.1483043744830541
2023-06-01,-0.7458241847216476,0.008241991941342224,-0.0070757945083083865,1.1742830894820797,0.8982039581488026,-1.4014123962686489
2023-07-01,-0.7551925405374222,-0.17706072342952114,-0.0070757945083083865,1.1349444491847478,-0.5018200072623605,-1.0832980941074968
2023-08-01,-0.5009358144761793,-0.08440936574409769,-0.0070757945083083865,1.2704558047253947,-0.39394812787111844,-0.5601937576904715
2023-09-01,-0.5909899799657298,-0.3623634388003845,-0.0070757945083083865,1.1115409617969914,-0.3401664959534219,-0.4621158497797399
2023-10-01,-0.09950214757011648,-0.08440936574409769,-0.0070757945083083865,0.91306419376381,-1.0373755983740065,0.08680105172867435
2023-11-01,-0.7437190971262346,-0.08440936574408946,-0.0070757945083083865,1.1281906284502567,0.521847225945522,0.22937448728676826
2023-12-01,-0.9158130153192063,-1.010922942598431,-0.0070757945083083865,1.2439822430729672,0.6303944723072444,0.2324632725702018
